airport,date,slot,clock_hour,arrivals_per_hour,lanes,required_by_approximation,promised_p95,delivered_p95
ATL,2026-06-07,0,3.0,758.9126256412262,8,5,4.34295390897427,0.11690139688278203
ATL,2026-06-07,1,3.5,1251.6312360522802,8,8,6.084192133454397,1.8719223612154532
ATL,2026-06-07,2,4.0,1983.1293040010396,20,13,1.7561829777983864,0.052144769788753306
ATL,2026-06-07,3,4.5,3055.5238268639723,20,20,1.1807925826272372,1.1852638305513117
ATL,2026-06-07,4,5.0,4296.416690359956,34,27,6.29875242949948,0.250183538145456
ATL,2026-06-07,5,5.5,5420.272923519029,34,34,6.9278225914932285,1.2706038761096923
ATL,2026-06-07,6,6.0,6153.695609460136,40,39,1.866906894443664,1.1837014008977231
ATL,2026-06-07,7,6.5,6366.215437081087,40,40,4.346531263442477,1.2024343162132634
ATL,2026-06-07,8,7.0,6593.276561578748,42,42,1.2768026007482123,1.201655050491921
ATL,2026-06-07,9,7.5,6623.461080735311,42,42,1.6673044661684413,1.3989107150967364
ATL,2026-06-07,10,8.0,6591.31588192967,42,42,1.2573980991221392,1.8968839434485578
ATL,2026-06-07,11,8.5,6088.250029345425,42,39,1.0676196847911252,0.9926987409128085
ATL,2026-06-07,12,9.0,5343.850097144217,34,34,1.7070131969602016,1.0479759482424749
ATL,2026-06-07,13,9.5,4777.931617440113,34,30,6.522829912779726,0.4885441203670539
ATL,2026-06-07,14,10.0,4261.087639965931,29,27,2.7834325451543718,0.6946322486246325
ATL,2026-06-07,15,10.5,4045.3631685330674,29,26,1.4458305610349547,0.3204568426654225
ATL,2026-06-07,16,11.0,4285.519115363546,28,27,4.540981286080019,0.7971131392440229
ATL,2026-06-07,17,11.5,4371.936846265582,28,28,1.5375244687318288,1.2612712644335728
ATL,2026-06-07,18,12.0,4651.766713181027,31,30,1.1209270804853446,0.8362324365030792
ATL,2026-06-07,19,12.5,4858.837138661537,31,31,1.6329758762688993,0.8157293295868107
ATL,2026-06-07,20,13.0,4829.920801535992,31,31,1.27082962104856,0.8451490310960192
ATL,2026-06-07,21,13.5,4890.795706115919,31,31,2.3567925456877257,1.0615727040821383
ATL,2026-06-07,22,14.0,4708.544420734014,30,30,1.8136970101169994,1.2169391946059183
ATL,2026-06-07,23,14.5,4370.0404633659855,30,28,1.5110788929310155,0.6976062452717156
ATL,2026-06-07,24,15.0,4423.381967256983,28,28,2.871246901174587,1.0217724358824654
ATL,2026-06-07,25,15.5,4249.4284617170715,28,27,2.3455635271203437,0.690733977604413
ATL,2026-06-07,26,16.0,3932.3608505827306,28,25,2.4462078985219877,0.33235228961527513
ATL,2026-06-07,27,16.5,3761.807926295035,28,24,2.14167570970377,0.24588924593802114
ATL,2026-06-07,28,17.0,3744.932013279783,26,24,1.7688366796818946,0.35025386919063917
ATL,2026-06-07,29,17.5,4062.5864445057114,26,26,1.702193960979808,0.9503994947524881
ATL,2026-06-07,30,18.0,4299.295926568006,41,27,7.013781229009221,0.14703898959567785
ATL,2026-06-07,31,18.5,4279.700267708441,41,27,3.949965904724649,0.0017832863572414162
ATL,2026-06-07,32,19.0,3896.331193387581,36,25,1.6105681579690587,0.00024464968135361805
ATL,2026-06-07,33,19.5,3613.0445095222876,36,23,2.473421483334177,0.0
ATL,2026-06-07,34,20.0,3320.2944345515675,21,21,4.108898385791291,1.3294542518510923
ATL,2026-06-07,35,20.5,3061.704458729184,21,20,1.234955632915057,1.010320529550637
ATL,2026-06-07,36,21.0,2586.4444828007763,17,17,1.2884057610584658,1.2889778807699894
ATL,2026-06-07,37,21.5,1588.2770179224026,17,10,13.417015362416867,0.14686921985242168
ATL,2026-06-07,38,22.0,377.5545058726173,3,3,1.6028477891592128,6.466213323138869
ATL,2026-06-07,39,22.5,17.39055713933258,3,1,0.3572115180655404,0.11062225930141494
ATL,2026-06-07,40,23.0,0.0,1,1,0.0,0.0
ATL,2026-06-07,41,23.5,0.0,1,1,0.0,0.0
ATL,2026-06-07,42,0.0,0.0,1,1,0.0,0.0
ATL,2026-06-07,43,0.5,0.0,1,1,0.0,0.0
ATL,2026-06-07,44,1.0,0.7719685004613153,1,1,0.0,0.0
ATL,2026-06-07,45,1.5,39.01557233631018,1,1,1.0038710640038195,0.6913537062450551
ATL,2026-06-08,0,3.0,804.6296813873425,9,6,1.0533343751056365,0.11808232317637737
ATL,2026-06-08,1,3.5,1303.299707148154,9,9,1.2426758258854322,0.9059156677118907
ATL,2026-06-08,2,4.0,2031.8810765442888,20,13,3.522067916585382,0.0349719145489271
ATL,2026-06-08,3,4.5,3127.7017925286295,20,20,2.351320682563398,1.5910973218040654
ATL,2026-06-08,4,5.0,4391.3601620076315,35,28,1.8695845933155977,0.4310707110464166
ATL,2026-06-08,5,5.5,5538.199360416411,35,35,2.587540233802557,0.8642653003625513
ATL,2026-06-08,6,6.0,6206.225441912579,40,39,4.357404945822605,1.0246896979448257
ATL,2026-06-08,7,6.5,6304.278937871781,40,40,1.6955633482928631,1.235992834373166
ATL,2026-06-08,8,7.0,6472.520757907911,41,41,1.840266128082853,1.3826744810345613
ATL,2026-06-08,9,7.5,6546.7880276112965,41,41,8.712833008523594,1.4925080362608134
ATL,2026-06-08,10,8.0,6542.719177232965,41,41,7.261656006340601,2.328608227812219
ATL,2026-06-08,11,8.5,6057.478828167275,41,38,6.086219419674507,1.945676499613834
ATL,2026-06-08,12,9.0,5400.379829063319,34,34,3.8889137567024226,1.302151290811592
ATL,2026-06-08,13,9.5,4993.98259064339,34,32,1.304249035758704,0.9778934646343821
ATL,2026-06-08,14,10.0,4524.713970764014,30,29,1.432046975771562,1.0216211753807123
ATL,2026-06-08,15,10.5,4179.08398038429,30,27,1.1854653218797253,0.5331978669437932
ATL,2026-06-08,16,11.0,4288.942761978058,28,27,4.978220245004484,0.6299064845295783
ATL,2026-06-08,17,11.5,4330.912346701388,28,28,1.1095947958764891,0.8565249200612065
ATL,2026-06-08,18,12.0,4638.321189717359,32,30,1.0252590878623022,0.5917446463607308
ATL,2026-06-08,19,12.5,4959.928260951163,32,32,1.0209093021336637,0.6971080055508412
ATL,2026-06-08,20,13.0,5007.429275746475,32,32,1.4606011907653986,0.9938025826963951
ATL,2026-06-08,21,13.5,5066.078726862244,32,32,2.9610510348105215,1.135228047393072
ATL,2026-06-08,22,14.0,4885.054420670072,31,31,2.1845745930549114,1.5910727287979176
ATL,2026-06-08,23,14.5,4526.389791749534,31,29,1.4532709078430794,0.9417668805845965
ATL,2026-06-08,24,15.0,4512.208796518108,29,29,1.2904341819228708,0.6488042105842589
ATL,2026-06-08,25,15.5,4271.477781014674,29,27,3.3344290392506024,0.7092720527365624
ATL,2026-06-08,26,16.0,4022.5629956315533,30,26,1.20135294824544,0.25035597897584116
ATL,2026-06-08,27,16.5,3964.8683143911976,30,25,4.498361219089981,0.12705419975010662
ATL,2026-06-08,28,17.0,3964.090495356127,27,25,4.4107357255669815,0.40072583718528837
ATL,2026-06-08,29,17.5,4224.882939989749,27,27,1.7566161249575882,0.7588962485999433
ATL,2026-06-08,30,18.0,4376.810372880072,41,28,1.6097072676528845,0.026824036847790427
ATL,2026-06-08,31,18.5,4219.655807344335,41,27,1.666523381785303,0.0
ATL,2026-06-08,32,19.0,3755.9335680189515,37,24,1.9958375091304286,0.0
ATL,2026-06-08,33,19.5,3516.553349479764,37,23,1.0035948500379508,0.0
ATL,2026-06-08,34,20.0,3298.56064528434,21,21,2.7251797781031515,1.135226461645002
ATL,2026-06-08,35,20.5,3036.0852352366455,21,20,1.0359458334533787,0.9542894638659618
ATL,2026-06-08,36,21.0,2545.845560504046,16,16,10.538301887774463,1.8323447874350915
ATL,2026-06-08,37,21.5,1558.6660342625657,16,10,4.251242430286298,0.1800708688432277
ATL,2026-06-08,38,22.0,366.65384247631886,3,3,1.4202781799600341,5.632268494744044
ATL,2026-06-08,39,22.5,19.22270482918791,3,1,0.4256926487717237,0.0
ATL,2026-06-08,40,23.0,0.0,1,1,0.0,0.0
ATL,2026-06-08,41,23.5,0.0,1,1,0.0,0.0
ATL,2026-06-08,42,0.0,0.0,1,1,0.0,0.0
ATL,2026-06-08,43,0.5,0.0,1,1,0.0,0.0
ATL,2026-06-08,44,1.0,0.7719685004613153,1,1,0.0,0.0
ATL,2026-06-08,45,1.5,39.037471998728236,1,1,1.0044382072645552,1.7429750147102847
ATL,2026-06-09,0,3.0,776.658825112981,8,5,7.501539779230465,0.25965006837108084
ATL,2026-06-09,1,3.5,1241.3840248360934,8,8,4.532318858283496,2.139125306761214
ATL,2026-06-09,2,4.0,1948.8853836733283,20,13,1.281558820455654,0.028227795031219156
ATL,2026-06-09,3,4.5,3055.0434784836007,20,20,1.1767678388662697,1.1772330571913905
ATL,2026-06-09,4,5.0,4377.0148470049535,35,28,1.612877163356747,0.16455590512163526
ATL,2026-06-09,5,5.5,5548.375194132059,35,35,3.053086395871194,0.9409056364785562
ATL,2026-06-09,6,6.0,6208.1353674143775,40,39,4.574811473525551,0.8950641279485554
ATL,2026-06-09,7,6.5,6248.7766453338645,40,40,1.0790390871941384,0.8149545262722846
ATL,2026-06-09,8,7.0,6399.571343580262,41,41,1.010704076380818,0.6869899985035698
ATL,2026-06-09,9,7.5,6524.331130829825,41,41,4.130583474792887,1.0198734630099513
ATL,2026-06-09,10,8.0,6607.029980553492,42,42,1.4305705426881283,1.3392803336148746
ATL,2026-06-09,11,8.5,6199.949967537145,42,39,3.767425923768502,0.7436904790984882
ATL,2026-06-09,12,9.0,5522.098945708493,35,35,2.080602739273035,1.0251632856984885
ATL,2026-06-09,13,9.5,5032.526386328747,35,32,1.8722418452190304,0.5692945177477633
ATL,2026-06-09,14,10.0,4521.288761700897,32,29,1.3904399876191385,0.2801544527467945
ATL,2026-06-09,15,10.5,4192.557846738917,32,27,1.3128226769048776,0.07694214603182323
ATL,2026-06-09,16,11.0,4286.644450938031,28,27,4.676052826832246,0.7143688002971957
ATL,2026-06-09,17,11.5,4342.052951162317,28,28,1.2017557454765302,0.9868385263818826
ATL,2026-06-09,18,12.0,4640.998337064772,31,30,1.043077463224742,0.5859462470969772
ATL,2026-06-09,19,12.5,4939.499583490194,31,31,6.8647763073558155,1.4414306353058088
ATL,2026-06-09,20,13.0,4896.767001355504,31,31,2.566324925011119,1.7400856508786866
ATL,2026-06-09,21,13.5,4841.055414009543,31,31,1.390507241873776,1.9856582178113853
ATL,2026-06-09,22,14.0,4545.267971146624,29,29,1.7411728982642873,1.996350016444844
ATL,2026-06-09,23,14.5,4115.131158361883,29,26,3.5783280240695134,0.8541541232223301
ATL,2026-06-09,24,15.0,4143.941545647371,26,26,8.639543868294027,0.9992690457866849
ATL,2026-06-09,25,15.5,4123.25717482022,26,26,4.292595815209533,1.4635373372015656
ATL,2026-06-09,26,16.0,3994.490194629313,29,25,18.0093156338141,0.6995884876290741
ATL,2026-06-09,27,16.5,3883.047406313932,29,25,1.426939477566572,0.15094528072647212
ATL,2026-06-09,28,17.0,3688.6758114899862,24,24,1.1063644262307493,0.5590426175331594
ATL,2026-06-09,29,17.5,3684.452809708094,24,24,1.0752313764277066,0.8824469631352712
ATL,2026-06-09,30,18.0,3627.2180819858268,38,23,3.1058107905613865,0.0
ATL,2026-06-09,31,18.5,3376.784132495637,38,22,1.163640731160695,0.0
ATL,2026-06-09,32,19.0,2999.8455752096115,37,19,4.087781908686994,0.0
ATL,2026-06-09,33,19.5,2881.6267823026974,37,19,1.0487521338200674,0.0
ATL,2026-06-09,34,20.0,2788.1535887130594,18,18,1.8549684977765684,0.8798513713912384
ATL,2026-06-09,35,20.5,2669.4809644879756,18,17,3.3515140630383553,0.8354876622332755
ATL,2026-06-09,36,21.0,2286.512817967761,15,15,1.5074086520632137,1.4303508781530145
ATL,2026-06-09,37,21.5,1381.4850514849231,15,9,2.970672771823405,0.2915676142260372
ATL,2026-06-09,38,22.0,303.48014479025403,2,2,10.748838372766894,7.480819468198591
ATL,2026-06-09,39,22.5,12.536136073315356,2,1,0.18208744515242897,0.9588589015403295
ATL,2026-06-09,40,23.0,0.0,1,1,0.0,0.0
ATL,2026-06-09,41,23.5,0.0,1,1,0.0,0.0
ATL,2026-06-09,42,0.0,0.0,1,1,0.0,0.0
ATL,2026-06-09,43,0.5,0.0,1,1,0.0,0.0
ATL,2026-06-09,44,1.0,0.7719685004613153,1,1,0.0,0.0
ATL,2026-06-09,45,1.5,39.037471998728236,1,1,1.0044382072645552,1.225339508961294
ATL,2026-06-10,0,3.0,803.0709069641432,9,6,1.0409279485749363,0.14228463912962946
ATL,2026-06-10,1,3.5,1293.134430195478,9,9,1.1490374408858397,1.1577773766511503
ATL,2026-06-10,2,4.0,2004.8373368096522,20,13,2.2701298106844314,0.041798190022989824
ATL,2026-06-10,3,4.5,3102.441236396551,20,20,1.7539294168157662,1.4105836274759054
ATL,2026-06-10,4,5.0,4406.139030087288,35,28,2.2311373788561366,0.2589952266922565
ATL,2026-06-10,5,5.5,5545.392224810295,35,35,2.9005080023436562,0.9355572922189264
ATL,2026-06-10,6,6.0,6185.049146076546,39,39,2.84551735919435,1.108111860105573
ATL,2026-06-10,7,6.5,6190.2150857352735,39,39,3.1103414347720517,1.220398756376755
ATL,2026-06-10,8,7.0,6309.2010463652805,41,40,1.7837696336247133,0.8460183545069953
ATL,2026-06-10,9,7.5,6446.2042925409605,41,41,1.4263966585849284,0.8635252394749535
ATL,2026-06-10,10,8.0,6560.2601877799225,42,42,1.0103723158831526,1.261657945428806
ATL,2026-06-10,11,8.5,6158.175924194415,42,39,1.964500458337737,0.5785493886407574
ATL,2026-06-10,12,9.0,5493.269345209518,35,35,1.533020933563553,0.940484090959556
ATL,2026-06-10,13,9.5,5063.777937221969,35,32,2.8488067620723143,0.472220900069949
ATL,2026-06-10,14,10.0,4553.542991588424,32,29,1.904531034544158,0.3662246904320915
ATL,2026-06-10,15,10.5,4117.851455745429,32,26,3.7898428759213214,0.08171480029873349
ATL,2026-06-10,16,11.0,4111.159256436962,27,26,3.308091543242893,0.8225809215893849
ATL,2026-06-10,17,11.5,4176.374238418253,27,27,1.162609732142265,0.8836538914466905
ATL,2026-06-10,18,12.0,4525.763130497237,31,29,1.4452651695894352,0.5311447360678624
ATL,2026-06-10,19,12.5,4833.732873552373,31,31,1.3095461285381105,0.803749573340607
ATL,2026-06-10,20,13.0,4783.421041347933,30,30,8.165967381481046,1.5332597791976368
ATL,2026-06-10,21,13.5,4735.120748894068,30,30,2.5195105488902825,1.7763111189579122
ATL,2026-06-10,22,14.0,4510.544258024998,29,29,1.2735514872376432,1.5843976073621597
ATL,2026-06-10,23,14.5,4212.413277876201,29,27,1.5554445541548327,0.6999232809057818
ATL,2026-06-10,24,15.0,4231.514853138381,27,27,1.8853469132868035,0.5920969710471098
ATL,2026-06-10,25,15.5,4104.076763774759,27,26,2.9140415380328513,0.8424773857160466
ATL,2026-06-10,26,16.0,3895.6565374944985,27,25,1.6001709386997678,0.5434721352250487
ATL,2026-06-10,27,16.5,3738.7034690524515,27,24,1.6611483617259168,0.332967736569243
ATL,2026-06-10,28,17.0,3524.929640250881,23,23,1.061143154000255,0.9816187343419323
ATL,2026-06-10,29,17.5,3551.7015939371677,23,23,1.2930134550131067,1.0266363517323998
ATL,2026-06-10,30,18.0,3509.305480188396,36,22,12.265406526976816,0.14508474116248285
ATL,2026-06-10,31,18.5,3316.876089991707,36,21,3.8064458284641796,0.0
ATL,2026-06-10,32,19.0,3028.32853556553,34,19,11.905406912658455,0.0
ATL,2026-06-10,33,19.5,2978.9296963036604,34,19,2.743994191064511,0.0
ATL,2026-06-10,34,20.0,2867.1051808632596,18,18,11.147210871399865,1.0086530017915787
ATL,2026-06-10,35,20.5,2702.7635520504955,18,17,8.875212938835022,1.414540230950313
ATL,2026-06-10,36,21.0,2321.297683485058,15,15,2.1783492692271422,1.8933797695149177
ATL,2026-06-10,37,21.5,1408.5247829319587,15,9,5.428914553548107,0.6793120992124931
ATL,2026-06-10,38,22.0,314.4558553967619,3,3,0.8481517044618923,3.6261937090305785
ATL,2026-06-10,39,22.5,12.722677075581585,3,1,0.18832801479850855,0.0
ATL,2026-06-10,40,23.0,0.0,1,1,0.0,0.0
ATL,2026-06-10,41,23.5,0.0,1,1,0.0,0.0
ATL,2026-06-10,42,0.0,0.0,1,1,0.0,0.0
ATL,2026-06-10,43,0.5,0.0,1,1,0.0,0.0
ATL,2026-06-10,44,1.0,0.7719685004613153,1,1,0.0,0.0
ATL,2026-06-10,45,1.5,39.037471998728236,1,1,1.0044382072645552,1.653957760035031
ATL,2026-06-11,0,3.0,847.3025027050521,9,6,1.5141446927694,0.1140514714111978
ATL,2026-06-11,1,3.5,1353.556460570391,9,9,2.008330878285265,1.3391152179158974
ATL,2026-06-11,2,4.0,2089.1852271778375,20,14,1.1430499570996044,0.04805846641669801
ATL,2026-06-11,3,4.5,3161.717172810971,20,20,4.285190685438217,1.25179982240427
ATL,2026-06-11,4,5.0,4413.09301177546,35,28,2.4524553115190972,0.24734757774611724
ATL,2026-06-11,5,5.5,5590.096856595652,35,35,11.091527302805785,1.0654671435448948
ATL,2026-06-11,6,6.0,6228.184138725281,40,39,9.527087661681591,1.1130395067906742
ATL,2026-06-11,7,6.5,6304.546588556479,40,40,1.7001429569095483,1.2140460244591302
ATL,2026-06-11,8,7.0,6467.236559825227,41,41,1.7397666752062826,1.1080797405840772
ATL,2026-06-11,9,7.5,6532.104583488289,41,41,5.055151352312508,1.6282638042936397
ATL,2026-06-11,10,8.0,6595.273664701528,42,42,1.297155774794261,2.292335318979379
ATL,2026-06-11,11,8.5,6182.167838572695,42,39,2.7161382676796006,1.666223739157342
ATL,2026-06-11,12,9.0,5510.215819773979,35,35,1.8152251253464786,1.3631763839124724
ATL,2026-06-11,13,9.5,5029.523430439494,35,32,1.811732493254904,0.7308049061797793
ATL,2026-06-11,14,10.0,4496.64523195135,32,29,1.1472119035461932,0.3113000524230932
ATL,2026-06-11,15,10.5,4145.50362192124,32,26,9.34949157138626,0.11931059730237388
ATL,2026-06-11,16,11.0,4204.946192708129,27,27,1.4548641610994375,0.6341198440709206
ATL,2026-06-11,17,11.5,4249.228238787053,27,27,2.3392199455580425,0.6661932027947249
ATL,2026-06-11,18,12.0,4592.368822734805,31,29,3.351360411487836,0.441533108186466
ATL,2026-06-11,19,12.5,4921.878253385235,31,31,4.073311988960446,1.324350243811773
ATL,2026-06-11,20,13.0,4961.981780059585,32,32,1.034689484031817,1.413123425047567
ATL,2026-06-11,21,13.5,4991.582598110484,32,32,1.279615883981145,1.4899642072889194
ATL,2026-06-11,22,14.0,4741.927505874701,30,30,2.7950574864578823,1.8447669297434874
ATL,2026-06-11,23,14.5,4375.749006562865,30,28,1.5934425816666986,1.139614117304663
ATL,2026-06-11,24,15.0,4402.617835917774,28,28,2.133273866396239,0.6121972823291906
ATL,2026-06-11,25,15.5,4243.215589624597,28,27,2.163171422928629,0.9505970150296091
ATL,2026-06-11,26,16.0,3995.294754672473,29,25,19.59558957724833,0.548854403338289
ATL,2026-06-11,27,16.5,3862.489638131985,29,25,1.2098953970375168,0.3400955124435017
ATL,2026-06-11,28,17.0,3754.0242215751855,25,24,1.952499853449505,0.4473555035800517
ATL,2026-06-11,29,17.5,3963.858123333431,25,25,4.385208481976656,1.322994573942618
ATL,2026-06-11,30,18.0,4170.263636386918,39,27,1.1139695427947613,0.16895521643557204
ATL,2026-06-11,31,18.5,4077.7196075777174,39,26,2.010675501397355,0.0
ATL,2026-06-11,32,19.0,3708.4560439868355,38,24,1.2774815069719705,0.0
ATL,2026-06-11,33,19.5,3519.594386693188,38,23,1.0238226434437052,0.0
ATL,2026-06-11,34,20.0,3308.790748683302,21,21,3.2405248653589367,1.1373401652896256
ATL,2026-06-11,35,20.5,3031.3950168505057,21,19,14.960779119330654,1.1068542391742642
ATL,2026-06-11,36,21.0,2544.4660821060647,16,16,9.744580233433576,1.1684442970718065
ATL,2026-06-11,37,21.5,1565.2229747189494,16,10,5.00397835063739,0.28760900057816785
ATL,2026-06-11,38,22.0,377.8917231582433,3,3,1.6090607370649694,5.865368558089229
ATL,2026-06-11,39,22.5,19.409245831454136,3,1,0.4324031390655818,0.0013495780551113499
ATL,2026-06-11,40,23.0,0.0,1,1,0.0,0.0
ATL,2026-06-11,41,23.5,0.0,1,1,0.0,0.0
ATL,2026-06-11,42,0.0,0.0,1,1,0.0,0.0
ATL,2026-06-11,43,0.5,0.0,1,1,0.0,0.0
ATL,2026-06-11,44,1.0,0.7719685004613153,1,1,0.0,0.0
ATL,2026-06-11,45,1.5,39.037471998728236,1,1,1.0044382072645552,1.6819585925875535
ATL,2026-06-12,0,3.0,784.3457784296606,9,5,10.958341489566886,0.11028148836425337
ATL,2026-06-12,1,3.5,1275.6819658828554,9,9,1.0138094152906183,1.308965523537528
ATL,2026-06-12,2,4.0,2015.4985564157128,20,13,2.6433953093765865,0.017325439025512673
ATL,2026-06-12,3,4.5,3117.4442497994587,20,20,2.066843591173764,1.1132633704752344
ATL,2026-06-12,4,5.0,4396.52183729973,35,28,1.9821948343563407,0.13417202238782996
ATL,2026-06-12,5,5.5,5490.541785127167,35,35,1.4952879892848083,0.9783917095469248
ATL,2026-06-12,6,6.0,6075.626010859418,39,38,16.088922779863804,1.0931407670127047
ATL,2026-06-12,7,6.5,6129.617715031877,39,39,1.4697078193085626,1.0192138766897332
ATL,2026-06-12,8,7.0,6293.668044767961,40,40,1.5313454523792591,1.3777096971822607
ATL,2026-06-12,9,7.5,6394.5749017385115,40,40,14.283210285605719,1.8758721073506948
ATL,2026-06-12,10,8.0,6485.593407192411,41,41,2.1445646652287333,2.0665028918441988
ATL,2026-06-12,11,8.5,6066.8043503797735,41,38,8.954788313857351,1.8545523413191893
ATL,2026-06-12,12,9.0,5413.557580405527,34,34,5.486186040716242,1.5814464296901405
ATL,2026-06-12,13,9.5,4935.48292753603,34,31,5.940444588113872,1.0486596021455543
ATL,2026-06-12,14,10.0,4411.59271258962,32,28,2.4011709812890034,0.5662408028409971
ATL,2026-06-12,15,10.5,4059.514483798732,32,26,1.6503591379878424,0.18262836330593407
ATL,2026-06-12,16,11.0,4168.706882698087,27,27,1.1021774629208911,0.6566150286131595
ATL,2026-06-12,17,11.5,4281.941537884455,27,27,4.158634411650687,1.0912036548494792
ATL,2026-06-12,18,12.0,4618.562280336561,31,29,6.706905335538984,0.7824376715277475
ATL,2026-06-12,19,12.5,4927.49617546488,31,31,4.6824863637761895,1.256341530670241
ATL,2026-06-12,20,13.0,4967.767826992594,32,32,1.075419935081546,1.484006972547633
ATL,2026-06-12,21,13.5,4987.721090846872,32,32,1.2417655650626704,1.1615677392325279
ATL,2026-06-12,22,14.0,4776.131614976741,30,30,6.118454341440948,1.9769038355526152
ATL,2026-06-12,23,14.5,4421.098417927778,30,28,2.766684704405463,1.5574493549925768
ATL,2026-06-12,24,15.0,4393.714025110142,28,28,1.9193660867225129,1.2092500770475532
ATL,2026-06-12,25,15.5,4191.273542457878,28,27,1.2995890900518128,0.8736081650060645
ATL,2026-06-12,26,16.0,3977.988802419254,29,25,6.751888640968553,0.23637459435524075
ATL,2026-06-12,27,16.5,3871.351718259756,29,25,1.2953335283752085,0.1965220338218463
ATL,2026-06-12,28,17.0,3744.898242714522,25,24,1.7682167096484744,0.8005356717668357
ATL,2026-06-12,29,17.5,3911.4394331602743,25,25,1.8825894642238759,1.0804453283601252
ATL,2026-06-12,30,18.0,4072.874251412623,39,26,1.9008924612936795,0.0673242685152854
ATL,2026-06-12,31,18.5,3981.6929784018002,39,25,7.858111462384274,0.0
ATL,2026-06-12,32,19.0,3631.6408553340593,38,23,3.3728945843086717,0.0
ATL,2026-06-12,33,19.5,3461.0686932050166,38,22,2.8148957169817943,0.0
ATL,2026-06-12,34,20.0,3291.4361961633044,21,21,2.4521234245107104,1.2194917715432108
ATL,2026-06-12,35,20.5,3029.2070830376097,21,19,12.64567894158367,1.0781331881805918
ATL,2026-06-12,36,21.0,2546.3788135797813,16,16,10.880744405744103,1.7952759245378942
ATL,2026-06-12,37,21.5,1563.3269089460077,16,10,4.760090923407482,0.7712844450918157
ATL,2026-06-12,38,22.0,372.8073595424376,3,3,1.5191911816827932,7.023082385138691
ATL,2026-06-12,39,22.5,19.409245831454136,3,1,0.4324031390655818,0.06551473831635564
ATL,2026-06-12,40,23.0,0.0,1,1,0.0,0.0
ATL,2026-06-12,41,23.5,0.0,1,1,0.0,0.0
ATL,2026-06-12,42,0.0,0.0,1,1,0.0,0.0
ATL,2026-06-12,43,0.5,0.0,1,1,0.0,0.0
ATL,2026-06-12,44,1.0,1.2133931215423988,1,1,0.0,0.24189261634788067
ATL,2026-06-12,45,1.5,43.01115949373941,1,1,1.106718808955644,1.51417100407168
ATL,2026-06-13,0,3.0,663.0516886784623,7,5,1.2586108438142045,0.25083130373409634
ATL,2026-06-13,1,3.5,1059.8353799335732,7,7,3.037328863241596,1.2794495711246126
ATL,2026-06-13,2,4.0,1558.2389436495087,15,10,4.210028362759161,0.26936584711322276
ATL,2026-06-13,3,4.5,2257.948709003084,15,15,1.1944764647759074,0.8431111264911986
ATL,2026-06-13,4,5.0,3192.732583329495,27,20,16.598239087054083,0.08102046538616757
ATL,2026-06-13,5,5.5,4220.01548586826,27,27,1.6724367658803665,1.1928034589457592
ATL,2026-06-13,6,6.0,5130.139609135323,36,33,1.0867297757422207,0.8592753481344673
ATL,2026-06-13,7,6.5,5741.712105398155,36,36,7.222169335698997,0.9696590993052501
ATL,2026-06-13,8,7.0,6043.342113012755,38,38,4.086837822783935,1.2241527317411387
ATL,2026-06-13,9,7.5,5996.856710733033,38,38,1.9431215894691325,1.0851135733096504
ATL,2026-06-13,10,8.0,5979.0322744706145,38,38,1.6110587950681765,1.441709616737953
ATL,2026-06-13,11,8.5,5618.8542566923425,38,36,1.152734379378281,1.203462794132712
ATL,2026-06-13,12,9.0,4905.423481439,31,31,2.9438104154815226,1.3213283283776733
ATL,2026-06-13,13,9.5,4319.211426290397,31,28,1.0259655444374975,0.5620439501598229
ATL,2026-06-13,14,10.0,3806.2264968316085,24,24,4.693402922685826,1.2661413996641406
ATL,2026-06-13,15,10.5,3511.444191677979,24,22,14.375579503292547,1.0960613698655108
ATL,2026-06-13,16,11.0,3624.9805806192326,24,23,2.985881746191404,0.590292993671752
ATL,2026-06-13,17,11.5,3722.175004054882,24,24,1.4282022011256807,1.1075091855413517
ATL,2026-06-13,18,12.0,3938.3614902786608,26,25,2.6734011104813864,0.9677702657219036
ATL,2026-06-13,19,12.5,4144.224112871542,26,26,8.759916314538481,1.1926306172887613
ATL,2026-06-13,20,13.0,4073.147010258144,26,26,1.906765104885997,1.3925395891829957
ATL,2026-06-13,21,13.5,4086.8060813150933,26,26,2.2532222812257126,1.2413818915059818
ATL,2026-06-13,22,14.0,3891.7548523453697,25,25,1.5424633597124073,1.3011153475803672
ATL,2026-06-13,23,14.5,3467.081425444603,25,22,3.1184195387675286,0.6567112464301994
ATL,2026-06-13,24,15.0,3328.7883448087973,22,21,5.116056010220829,0.6603367576216123
ATL,2026-06-13,25,15.5,3435.697761065288,22,22,1.9884117331852034,0.9849547889998416
ATL,2026-06-13,26,16.0,3602.430252224339,26,23,2.1431595261910332,0.22298016839289284
ATL,2026-06-13,27,16.5,3742.3572133944017,26,24,1.7227370299747733,0.34403534778407774
ATL,2026-06-13,28,17.0,3686.3953039000494,24,24,1.0893489091632382,0.7715528010042998
ATL,2026-06-13,29,17.5,3666.050932549938,24,23,9.913141721841138,0.8358189060621803
ATL,2026-06-13,30,18.0,3635.625597128563,35,23,3.6551741763375,0.030635489146093226
ATL,2026-06-13,31,18.5,3406.838470399861,35,22,1.4817567136159921,0.0
ATL,2026-06-13,32,19.0,2899.8808373163197,30,19,1.1933245951907863,0.0
ATL,2026-06-13,33,19.5,2612.354260156828,30,17,1.6031996760987932,0.0
ATL,2026-06-13,34,20.0,2496.387290534953,16,16,2.6592933537939754,1.474265444993431
ATL,2026-06-13,35,20.5,2327.1226661849714,16,15,2.3502834667742696,1.5297411947688704
ATL,2026-06-13,36,21.0,2012.1012345554536,13,13,2.5122424910579637,1.6756982111021088
ATL,2026-06-13,37,21.5,1188.0263068434365,13,8,1.9297685189818996,0.4082224742139101
ATL,2026-06-13,38,22.0,194.14654900920667,2,2,1.2225801170936557,5.376351989176277
ATL,2026-06-13,39,22.5,1.2870550871005297,2,1,0.0,0.0
ATL,2026-06-13,40,23.0,0.0,1,1,0.0,0.0
ATL,2026-06-13,41,23.5,0.0,1,1,0.0,0.0
ATL,2026-06-13,42,0.0,0.0,1,1,0.0,0.0
ATL,2026-06-13,43,0.5,0.0,1,1,0.0,0.0
ATL,2026-06-13,44,1.0,0.7719685004613153,1,1,0.0,0.0
ATL,2026-06-13,45,1.5,39.037471998728236,1,1,1.0044382072645552,0.737251515778931
ATL,2026-06-20,0,3.0,693.1858319021347,7,5,1.6547130020690992,0.5651703566484672
ATL,2026-06-20,1,3.5,1110.755222101708,7,7,17.30809162421405,1.9793801443608827
ATL,2026-06-20,2,4.0,1595.0340819588089,15,11,1.042691157517694,0.5006823205228796
ATL,2026-06-20,3,4.5,2237.1528127173124,15,15,1.0330846687930708,1.0803131517354436
ATL,2026-06-20,4,5.0,3064.512252063688,26,20,1.2611174021416636,0.15799809918114777
ATL,2026-06-20,5,5.5,4005.1118903236634,26,26,1.0609643677624214,1.0258201864554006
ATL,2026-06-20,6,6.0,4887.07441166669,35,31,2.2423020088883043,0.5271726863757197
ATL,2026-06-20,7,6.5,5506.873565262326,35,35,1.7519825614832492,0.7106450510674929
ATL,2026-06-20,8,7.0,5801.257428816665,37,37,1.3804227933784752,1.0566848035156873
ATL,2026-06-20,9,7.5,5784.238676709311,37,37,1.2076339797522582,1.1485092270144501
ATL,2026-06-20,10,8.0,5780.634802576637,37,37,1.1761761587724333,1.452222459610966
ATL,2026-06-20,11,8.5,5491.261493454025,37,35,1.5050714956403113,0.7724119737673073
ATL,2026-06-20,12,9.0,4870.16751779207,31,31,1.8343142267391812,0.8010721391118446
ATL,2026-06-20,13,9.5,4315.881506865641,31,28,1.0042501669181623,0.287452266054235
ATL,2026-06-20,14,10.0,3795.9665642418545,24,24,3.6883029850069766,1.1529822188045995
ATL,2026-06-20,15,10.5,3492.969673636154,24,22,5.768287950675588,0.8402892242569248
ATL,2026-06-20,16,11.0,3599.9482440491943,24,23,2.0779004126955605,0.8043632942337228
ATL,2026-06-20,17,11.5,3708.7932668180115,24,24,1.2808250574122768,1.0740038925089554
ATL,2026-06-20,18,12.0,3946.127611917158,27,25,3.036605464045175,0.7485442608525323
ATL,2026-06-20,19,12.5,4165.322175576252,27,27,1.077321053156138,0.6544231170923722
ATL,2026-06-20,20,13.0,4070.7761782127504,26,26,1.8568549474502212,1.1310379873922232
ATL,2026-06-20,21,13.5,4035.2948874576377,26,26,1.3273540931172292,1.2102009517329138
ATL,2026-06-20,22,14.0,3790.368723595914,24,24,3.300996018069416,1.5053937184945374
ATL,2026-06-20,23,14.5,3376.4602983789996,24,22,1.1609096451569814,1.0962417838164122
ATL,2026-06-20,24,15.0,3277.3703373483286,22,21,2.0446851971532896,1.196694137363089
ATL,2026-06-20,25,15.5,3424.9373493198327,22,22,1.7652487144883422,1.098341505342813
ATL,2026-06-20,26,16.0,3605.4595287312914,24,23,2.2283622004368118,1.0677637542220484
ATL,2026-06-20,27,16.5,3729.3392486269368,24,24,1.5210288392542224,1.126013269853925
ATL,2026-06-20,28,17.0,3666.280462903296,23,23,10.041543284150702,1.52845465681189
ATL,2026-06-20,29,17.5,3664.8277027197287,23,23,9.280441531071018,1.329041762798639
ATL,2026-06-20,30,18.0,3670.300182543714,35,23,12.982782984885544,0.034973220251957815
ATL,2026-06-20,31,18.5,3464.8803409963944,35,22,3.0001563249929326,0.0
ATL,2026-06-20,32,19.0,2954.532241394214,29,19,1.9736622045076413,0.0
ATL,2026-06-20,33,19.5,2644.888985166146,29,17,2.2881645141979225,0.0
ATL,2026-06-20,34,20.0,2499.9176697137345,16,16,2.811830977804954,0.9247212631506239
ATL,2026-06-20,35,20.5,2327.1226661849714,16,15,2.3502834667742696,0.922197242687804
ATL,2026-06-20,36,21.0,2012.1012345554536,13,13,2.5122424910579637,2.2299668514538777
ATL,2026-06-20,37,21.5,1188.0263068434365,13,8,1.9297685189818996,0.8944940259531642
ATL,2026-06-20,38,22.0,194.14654900920667,2,2,1.2225801170936557,5.107969302254281
ATL,2026-06-20,39,22.5,1.2870550871005297,2,1,0.0,0.0
ATL,2026-06-20,40,23.0,0.0,1,1,0.0,0.0
ATL,2026-06-20,41,23.5,0.0,1,1,0.0,0.0
ATL,2026-06-20,42,0.0,0.0,1,1,0.0,0.0
ATL,2026-06-20,43,0.5,0.0,1,1,0.0,0.0
ATL,2026-06-20,44,1.0,0.7719685004613153,1,1,0.0,0.0
ATL,2026-06-20,45,1.5,39.01557233631018,1,1,1.0038710640038195,0.8464232295258262
ATL,2026-06-26,0,3.0,771.4593165588794,9,5,6.184264136829367,0.030739429318592183
ATL,2026-06-26,1,3.5,1298.9279817820338,9,9,1.2008453568507673,1.2283919085688857
ATL,2026-06-26,2,4.0,2084.496027120295,21,14,1.106762343251104,0.031384058955861
ATL,2026-06-26,3,4.5,3228.1556723232734,21,21,1.2805339877375057,1.0132707525111242
ATL,2026-06-26,4,5.0,4508.30677692743,36,29,1.2514985550895725,0.23024130246161195
ATL,2026-06-26,5,5.5,5604.943135469523,36,36,1.0467787856416184,0.8064512166722899
ATL,2026-06-26,6,6.0,6240.837751396591,40,40,1.0242931598107858,0.9431816893079257
ATL,2026-06-26,7,6.5,6332.571377229166,40,40,2.3609035391645676,1.1781338136137496
ATL,2026-06-26,8,7.0,6473.656878946719,41,41,1.8633503667238822,1.0078928544094523
ATL,2026-06-26,9,7.5,6508.826748393865,41,41,3.0202523815279916,1.0593375013487425
ATL,2026-06-26,10,8.0,6499.20811776634,41,41,2.585350941085606,1.513236009538597
ATL,2026-06-26,11,8.5,6030.657373119826,41,38,3.1500081594562315,1.2131228539645988
ATL,2026-06-26,12,9.0,5396.922841213273,34,34,3.6116677839582483,1.2150344147013805
ATL,2026-06-26,13,9.5,4993.706997750007,34,32,1.3013752465247828,1.0715537314710968
ATL,2026-06-26,14,10.0,4536.57501218778,31,29,1.5962459005310818,0.3766843618167705
ATL,2026-06-26,15,10.5,4212.809244961996,31,27,1.5611492298137146,0.1977136334759677
ATL,2026-06-26,16,11.0,4279.199427870077,28,27,3.906136020143766,0.6651146663303995
ATL,2026-06-26,17,11.5,4340.581319867486,28,28,1.1887769444416827,0.8723372632302702
ATL,2026-06-26,18,12.0,4718.787510190352,32,30,2.0346082408132573,0.6864402871357054
ATL,2026-06-26,19,12.5,5027.189875626789,32,32,1.767247776290326,0.7561947234388742
ATL,2026-06-26,20,13.0,5029.14561661164,32,32,1.804384981786077,0.907407725202459
ATL,2026-06-26,21,13.5,5057.241253383633,32,32,2.5710076622744165,1.4047798732884726
ATL,2026-06-26,22,14.0,4849.564310462358,31,31,1.497319536794818,1.63163406808946
ATL,2026-06-26,23,14.5,4493.320106760477,31,29,1.1203793648057125,1.001232290766086
ATL,2026-06-26,24,15.0,4490.449115880605,29,29,1.0981283473892225,0.8880625796642077
ATL,2026-06-26,25,15.5,4294.158663193246,29,27,5.831942967574877,0.7199951311969386
ATL,2026-06-26,26,16.0,4072.6972980053365,29,26,1.8971010993634576,0.28677906608223563
ATL,2026-06-26,27,16.5,3995.5874022967073,29,26,0.9964046832452542,0.19289976803718656
ATL,2026-06-26,28,17.0,3897.1895756106014,26,25,1.6239843404744774,0.43728333469972647
ATL,2026-06-26,29,17.5,4084.4214413239733,26,26,2.1842726975750444,0.9157272175738875
ATL,2026-06-26,30,18.0,4275.705600682298,41,27,3.6252198729365603,0.04631398056679582
ATL,2026-06-26,31,18.5,4197.207228825875,41,27,1.362932134981243,0.0
ATL,2026-06-26,32,19.0,3801.679539065247,38,24,4.188313024378715,0.0
ATL,2026-06-26,33,19.5,3588.656748590067,38,23,1.8236468356558717,0.0
ATL,2026-06-26,34,20.0,3355.7341269033245,22,22,1.0076246873577133,0.7411709540615254
ATL,2026-06-26,35,20.5,3070.0697404992666,22,20,1.3160779775923062,0.5404923594425531
ATL,2026-06-26,36,21.0,2583.704229706458,17,17,1.2618250964549553,1.0753390066525266
ATL,2026-06-26,37,21.5,1589.415298853936,17,10,14.643429812506684,0.2080749228803492
ATL,2026-06-26,38,22.0,376.582883348869,3,3,1.5851542805531853,6.726350765904695
ATL,2026-06-26,39,22.5,17.39055713933258,3,1,0.3572115180655404,0.008627162505596272
ATL,2026-06-26,40,23.0,0.0,1,1,0.0,0.0
ATL,2026-06-26,41,23.5,0.0,1,1,0.0,0.0
ATL,2026-06-26,42,0.0,0.0,1,1,0.0,0.0
ATL,2026-06-26,43,0.5,0.0,1,1,0.0,0.0
ATL,2026-06-26,44,1.0,1.2133931215423988,1,1,0.0,0.0
ATL,2026-06-26,45,1.5,43.01115949373941,1,1,1.106718808955644,1.1003896959125052
BNA,2026-06-07,0,3.0,838.0860424271025,9,6,1.3891993837833099,0.12923221354908093
BNA,2026-06-07,1,3.5,1402.306438157871,9,9,4.565701026174816,1.6930327040679891
BNA,2026-06-07,2,4.0,1912.1094324031549,14,12,17.925486166877462,0.865842141694363
BNA,2026-06-07,3,4.5,2223.1828271547265,14,14,9.326446133984028,1.1563812505200948
BNA,2026-06-07,4,5.0,2573.1976901229873,19,17,1.1687048987016213,0.7603641344794985
BNA,2026-06-07,5,5.5,2888.224150769374,19,19,1.0971610303791923,1.269600403541902
BNA,2026-06-07,6,6.0,2968.380211347848,19,19,2.3497528154164975,1.6520263832833464
BNA,2026-06-07,7,6.5,2721.473127961022,19,18,1.0611888035137027,1.261932500930732
BNA,2026-06-07,8,7.0,2324.010680853848,15,15,2.2552882876906044,2.1250937098371456
BNA,2026-06-07,9,7.5,1965.9773728956493,15,13,1.4841968544471016,1.266171329542765
BNA,2026-06-07,10,8.0,2085.7395763426366,15,14,1.1161819475224932,0.48943484394951603
BNA,2026-06-07,11,8.5,2343.989369874283,15,15,3.038901970720331,1.2991763985001163
BNA,2026-06-07,12,9.0,2328.2338698009216,15,15,2.3861113153649245,2.1388581343905906
BNA,2026-06-07,13,9.5,1991.339507447813,15,13,1.9220556784002671,1.0124151294868913
BNA,2026-06-07,14,10.0,1886.615451621788,16,12,5.048567565067296,0.17939627162365573
BNA,2026-06-07,15,10.5,1814.5741557214346,16,12,1.6330547771999475,0.07414762251765859
BNA,2026-06-07,16,11.0,1850.2613959509633,13,12,2.4754890708202963,0.795095155156597
BNA,2026-06-07,17,11.5,1940.2015098938396,13,13,1.1968669396391922,1.215337682543673
BNA,2026-06-07,18,12.0,1893.4363541250275,12,12,6.253865875735989,2.0084198360556287
BNA,2026-06-07,19,12.5,1791.0763419675652,12,12,1.3253636426783297,1.6099608709070672
BNA,2026-06-07,20,13.0,1645.590446597771,11,11,1.5323654624848821,1.4835986617063583
BNA,2026-06-07,21,13.5,1578.9025494558218,11,10,7.954691483685409,1.2469089021098698
BNA,2026-06-07,22,14.0,1506.2070015610375,10,10,1.9261999500178573,1.3427912185641884
BNA,2026-06-07,23,14.5,1567.5011477895598,10,10,5.332499059640378,1.8642924242490273
BNA,2026-06-07,24,15.0,1685.3063000466914,11,11,2.351087208013756,2.324114083551076
BNA,2026-06-07,25,15.5,1690.4520308941617,11,11,2.5223121016341317,2.1070679903151377
BNA,2026-06-07,26,16.0,1678.1462476153183,14,11,2.1473487490981746,0.6418676104344927
BNA,2026-06-07,27,16.5,1690.073944991459,14,11,2.5089081112090077,0.20221546124737638
BNA,2026-06-07,28,17.0,1695.3012077494495,11,11,2.707535301814012,0.8617105524724297
BNA,2026-06-07,29,17.5,1675.7075214123302,11,11,2.0855583941185123,1.644934093132682
BNA,2026-06-07,30,18.0,1520.9587409714352,15,10,2.2792942846260713,0.21767606764854572
BNA,2026-06-07,31,18.5,1284.488654482354,15,9,1.078494454657698,0.0
BNA,2026-06-07,32,19.0,1132.9690136276026,13,8,1.1808041639989921,0.005826375379654112
BNA,2026-06-07,33,19.5,947.8691284272986,13,6,13.629426950867694,0.0
BNA,2026-06-07,34,20.0,803.8954586021077,6,6,1.0474624802695551,1.5062581061999285
BNA,2026-06-07,35,20.5,715.4087801100065,6,5,2.1127415253690405,0.5019764345524754
BNA,2026-06-07,36,21.0,667.7506393304087,5,5,1.3094107270322255,1.0961290429499455
BNA,2026-06-07,37,21.5,555.2960080337848,5,4,2.2266649745288367,1.1209685633247102
BNA,2026-06-07,38,22.0,230.5263518619752,2,2,1.8978220246145905,2.5794485658485913
BNA,2026-06-07,39,22.5,8.490477390410838,2,1,0.023096942855697064,0.0
BNA,2026-06-07,40,23.0,0.0,1,1,0.0,0.0
BNA,2026-06-07,41,23.5,0.0,1,1,0.0,0.0
BNA,2026-06-07,42,0.0,0.0,1,1,0.0,0.0
BNA,2026-06-07,43,0.5,0.0,1,1,0.0,0.0
BNA,2026-06-07,44,1.0,0.0,1,1,0.0,0.0
BNA,2026-06-07,45,1.5,2.446092035321394,1,1,0.0,0.28231804034564334
BNA,2026-06-08,0,3.0,774.6934157198484,9,5,6.942440825110668,0.02515762854934292
BNA,2026-06-08,1,3.5,1311.4100606465224,9,9,1.327386797408395,1.4075268378459147
BNA,2026-06-08,2,4.0,1829.5514448113458,14,12,1.908648806779713,0.5513369865097342
BNA,2026-06-08,3,4.5,2111.046957453554,14,14,1.3451124632575922,1.0905185700283313
BNA,2026-06-08,4,5.0,2356.900632921132,17,15,3.9066909801812972,0.6801511194189405
BNA,2026-06-08,5,5.5,2623.334398239362,17,17,1.7849824865391624,1.4902577860662862
BNA,2026-06-08,6,6.0,2669.246022412286,17,17,3.3367827259910072,1.4487401379233977
BNA,2026-06-08,7,6.5,2438.6879720369598,17,16,1.3894962261265342,0.917416841502362
BNA,2026-06-08,8,7.0,2158.4381964319496,14,14,2.132144095923836,1.8416286145876921
BNA,2026-06-08,9,7.5,1823.056372490142,14,12,1.77908663108834,1.3459419975719455
BNA,2026-06-08,10,8.0,1967.0186786975441,15,13,1.4984407830120445,0.29002397720232065
BNA,2026-06-08,11,8.5,2331.950221466548,15,15,2.514047100342445,1.082962564320868
BNA,2026-06-08,12,9.0,2324.176582637473,15,15,2.260164114813779,1.282867782239171
BNA,2026-06-08,13,9.5,1892.3291810713954,15,12,6.020797055619189,0.4710114472671477
BNA,2026-06-08,14,10.0,1739.1259290091987,17,11,7.905794696783026,0.008732144872247993
BNA,2026-06-08,15,10.5,1811.4692906246496,17,12,1.58509091324943,0.0335307996961824
BNA,2026-06-08,16,11.0,2047.0730143195915,15,13,5.063017373030248,0.36043868853043876
BNA,2026-06-08,17,11.5,2319.0515610357497,15,15,2.1183931266261697,1.2005471647629586
BNA,2026-06-08,18,12.0,2335.962997079591,15,15,2.6680683219151313,2.1558968814786357
BNA,2026-06-08,19,12.5,2130.7718727186148,15,14,1.5930907604175555,1.7965423075839895
BNA,2026-06-08,20,13.0,1870.7157442180142,12,12,3.4778342116617056,2.103196940955675
BNA,2026-06-08,21,13.5,1619.0301151959143,12,11,1.2336520155830308,1.614937842167923
BNA,2026-06-08,22,14.0,1476.6000210219331,10,10,1.4626630237273264,1.1622305013687826
BNA,2026-06-08,23,14.5,1504.0796027259964,10,10,1.8838601801563688,1.2379469308232438
BNA,2026-06-08,24,15.0,1654.5818665587321,12,11,1.6657692485645157,0.6390965263017463
BNA,2026-06-08,25,15.5,1766.122712620726,12,12,1.0976370429783109,0.9978569467434095
BNA,2026-06-08,26,16.0,1788.881446921411,12,12,1.3020291199052239,1.2411812191226175
BNA,2026-06-08,27,16.5,1753.3371412433762,12,12,1.0061625301523565,0.8440806842450472
BNA,2026-06-08,28,17.0,1751.761531820948,12,11,17.668603971208995,0.9253557594829896
BNA,2026-06-08,29,17.5,1809.5450091651312,12,12,1.5566644853899905,1.2153094600016012
BNA,2026-06-08,30,18.0,1683.4602869913706,16,11,2.295058500435087,0.18439362544805582
BNA,2026-06-08,31,18.5,1388.8668627685151,16,9,3.3929758092885276,0.004839630802281362
BNA,2026-06-08,32,19.0,1095.6911277484269,11,7,7.187766892470465,0.11960797255987574
BNA,2026-06-08,33,19.5,819.6251267653006,11,6,1.1855082338002474,0.00017350794957335082
BNA,2026-06-08,34,20.0,642.3701985459718,5,5,1.0678115425851575,1.0315375423975384
BNA,2026-06-08,35,20.5,681.2153484398332,5,5,1.4751829169628266,1.0147191939965796
BNA,2026-06-08,36,21.0,659.0088599978521,5,5,1.2173693242062094,1.3357112066600894
BNA,2026-06-08,37,21.5,515.5792219768091,5,4,1.4854706632993047,0.8060161438806069
BNA,2026-06-08,38,22.0,200.3543295910264,2,2,1.3134196639177358,2.8928870700874776
BNA,2026-06-08,39,22.5,4.504094609256058,2,1,0.0,0.0
BNA,2026-06-08,40,23.0,0.0,1,1,0.0,0.0
BNA,2026-06-08,41,23.5,0.0,1,1,0.0,0.0
BNA,2026-06-08,42,0.0,0.0,1,1,0.0,0.0
BNA,2026-06-08,43,0.5,0.0,1,1,0.0,0.0
BNA,2026-06-08,44,1.0,0.0,1,1,0.0,0.0
BNA,2026-06-08,45,1.5,4.827005635417502,1,1,0.0,0.0970342388380834
BNA,2026-06-09,0,3.0,785.2193653253336,9,5,11.565182225953249,0.17405415889435996
BNA,2026-06-09,1,3.5,1334.9189303184683,9,9,1.6426827820818268,1.3211296567501287
BNA,2026-06-09,2,4.0,1853.142552689731,14,12,2.5809737239825408,0.6657713019499603
BNA,2026-06-09,3,4.5,2130.155443108586,14,14,1.584055041831611,0.9618666705151615
BNA,2026-06-09,4,5.0,2339.6414537092032,16,15,2.826365186261022,1.2264359453416203
BNA,2026-06-09,5,5.5,2546.1905833922106,16,16,10.757364593830976,2.5717530239460733
BNA,2026-06-09,6,6.0,2537.299629386697,16,16,6.999895539913986,3.1211679809701307
BNA,2026-06-09,7,6.5,2265.532373921361,16,15,1.2651331329578368,2.4869715673620254
BNA,2026-06-09,8,7.0,1959.4184900977962,13,13,1.3999196261484026,1.8432248771871709
BNA,2026-06-09,9,7.5,1658.5318617827643,13,11,1.7315028851070995,0.8835365687987171
BNA,2026-06-09,10,8.0,1887.467334167205,15,12,5.173237765692175,0.2424300985682847
BNA,2026-06-09,11,8.5,2282.017136023601,15,15,1.4485532631564395,1.152359138482502
BNA,2026-06-09,12,9.0,2369.07359023533,16,15,5.333186092393892,0.666548487264722
BNA,2026-06-09,13,9.5,2112.9588642406047,16,14,1.3659230334253687,0.3221175528188716
BNA,2026-06-09,14,10.0,2013.9387720041618,16,13,2.5815737068370805,0.3209555193907527
BNA,2026-06-09,15,10.5,1920.4338267329586,16,13,1.0370656417487925,0.25333693959634834
BNA,2026-06-09,16,11.0,1708.9657242991798,11,11,3.4096228829409676,1.9365982541842761
BNA,2026-06-09,17,11.5,1539.6058877047758,11,10,2.9592535192816434,1.717977655728473
BNA,2026-06-09,18,12.0,1479.3881389341284,10,10,1.4970838449768071,0.9995973542918248
BNA,2026-06-09,19,12.5,1505.4201796429597,10,10,1.9103289875262637,1.152818930240332
BNA,2026-06-09,20,13.0,1542.397635000093,11,10,3.0971612413837346,0.7330337739347783
BNA,2026-06-09,21,13.5,1598.8419540868028,11,11,1.069422020193087,1.1856180498472075
BNA,2026-06-09,22,14.0,1641.2352786602592,11,11,1.474695483953357,1.6093299357290562
BNA,2026-06-09,23,14.5,1717.9602858285277,11,11,4.107583487079499,1.5598539918856362
BNA,2026-06-09,24,15.0,1828.111612794858,13,12,1.8784089594662094,1.1857044452935512
BNA,2026-06-09,25,15.5,1936.9161286665767,13,13,1.1673929906673108,0.8613076304443814
BNA,2026-06-09,26,16.0,1906.722282164288,12,12,11.65757836327846,2.3547393255459177
BNA,2026-06-09,27,16.5,1779.2918391616772,12,12,1.208241615715336,1.9483309185196682
BNA,2026-06-09,28,17.0,1708.8427826103525,11,11,3.4017103441357297,1.8347518903460815
BNA,2026-06-09,29,17.5,1590.9974046438313,11,10,16.777782881457824,1.2169816945135379
BNA,2026-06-09,30,18.0,1344.860558312552,13,9,1.8205991130148351,0.10337758119605467
BNA,2026-06-09,31,18.5,1067.409160204451,13,7,3.4578498765385173,0.0019998849886292192
BNA,2026-06-09,32,19.0,789.5543337995338,10,5,15.957521064960591,0.05104669407343855
BNA,2026-06-09,33,19.5,669.9842679335655,10,5,1.334728422119109,0.0
BNA,2026-06-09,34,20.0,718.2283794572825,5,5,2.1876125030629052,1.5391634016282592
BNA,2026-06-09,35,20.5,581.6608801101647,5,4,3.2211714802862796,1.2589933648033773
BNA,2026-06-09,36,21.0,220.93249364417295,2,2,1.6791406856595636,4.773122735150784
BNA,2026-06-09,37,21.5,3.1476886486650644,2,1,0.0,0.015915365752828165
BNA,2026-06-09,38,22.0,0.0,1,1,0.0,0.0
BNA,2026-06-09,39,22.5,0.0,1,1,0.0,0.0
BNA,2026-06-09,40,23.0,0.0,1,1,0.0,0.0
BNA,2026-06-09,41,23.5,0.0,1,1,0.0,0.0
BNA,2026-06-09,42,0.0,0.0,1,1,0.0,0.0
BNA,2026-06-09,43,0.5,0.0,1,1,0.0,0.0
BNA,2026-06-09,44,1.0,0.0,1,1,0.0,0.0
BNA,2026-06-09,45,1.5,4.827005635417502,1,1,0.0,0.00822387819649634
BNA,2026-06-10,0,3.0,776.3564766405652,9,5,7.409726240352576,0.06117489929238471
BNA,2026-06-10,1,3.5,1330.790722316999,9,9,1.5779500894858178,1.2612849302784868
BNA,2026-06-10,2,4.0,1878.5149783142801,14,12,4.105770918743107,0.6741452893028531
BNA,2026-06-10,3,4.5,2196.438761981042,14,14,3.910376887403883,1.3696395773228187
BNA,2026-06-10,4,5.0,2430.8570732691705,17,16,1.301893255875035,0.6266526338587681
BNA,2026-06-10,5,5.5,2633.12349289024,17,17,1.9839232888753895,1.2633539971513117
BNA,2026-06-10,6,6.0,2603.644522011063,17,17,1.4824350288045458,1.691657042356535
BNA,2026-06-10,7,6.5,2302.852516524208,17,15,1.7651107214835984,1.2809752617657661
BNA,2026-06-10,8,7.0,2010.0124649652712,13,13,2.4376802026237265,1.2506681440494476
BNA,2026-06-10,9,7.5,1709.0267318760662,13,11,3.413562881174575,1.1727420717345378
BNA,2026-06-10,10,8.0,1932.8200020882232,15,13,1.1324079697322837,0.21397519436918272
BNA,2026-06-10,11,8.5,2339.021539774348,15,15,2.7984142684815634,1.6278123867525012
BNA,2026-06-10,12,9.0,2393.5954348046585,16,15,19.798585124699763,2.0430916890235435
BNA,2026-06-10,13,9.5,2114.7275278448537,16,14,1.3857137107970587,1.113920292316257
BNA,2026-06-10,14,10.0,1987.442484582819,16,13,1.839791808421771,0.2274076621011306
BNA,2026-06-10,15,10.5,1891.9703586963924,16,12,5.948926377148186,0.32257809431803247
BNA,2026-06-10,16,11.0,1706.0005904322504,11,11,3.2284082704820727,1.3052935046998593
BNA,2026-06-10,17,11.5,1552.7318469317804,11,10,3.7424277059964295,1.1296995558706953
BNA,2026-06-10,18,12.0,1514.8838958507088,10,10,2.1197298752950764,1.4086076472969766
BNA,2026-06-10,19,12.5,1550.0769837745233,10,10,3.552303268874722,2.3679989381757682
BNA,2026-06-10,20,13.0,1575.597681886275,10,10,6.960329803610449,3.356957899149502
BNA,2026-06-10,21,13.5,1589.9167075352912,10,10,15.258275062477729,3.2269645452529554
BNA,2026-06-10,22,14.0,1612.2747383187186,11,11,1.1739969825699033,2.3320360816547074
BNA,2026-06-10,23,14.5,1744.387970027893,11,11,10.266384000545994,2.2261370833265053
BNA,2026-06-10,24,15.0,1911.9065635873294,13,12,17.569863577927,2.0045149660022705
BNA,2026-06-10,25,15.5,2039.221426840369,13,13,4.1313443296180905,2.054916914184969
BNA,2026-06-10,26,16.0,1963.5962928489416,13,13,1.4525470355928318,2.6924750227588374
BNA,2026-06-10,27,16.5,1766.8775679639857,13,12,1.1034885770218261,1.4750688772104303
BNA,2026-06-10,28,17.0,1657.0176248264695,11,11,1.7057335737323902,2.46562984386455
BNA,2026-06-10,29,17.5,1545.7407323728735,11,10,3.280142175475514,1.7856995090138217
BNA,2026-06-10,30,18.0,1346.4453346940743,13,9,1.8523093006830949,0.4187434562913346
BNA,2026-06-10,31,18.5,1119.229195951494,13,8,1.0699206667130519,0.013556895044865735
BNA,2026-06-10,32,19.0,842.8776494637236,11,6,1.4518457525192905,0.023981356031267737
BNA,2026-06-10,33,19.5,695.8666064203742,11,5,1.7001710837748414,0.0
BNA,2026-06-10,34,20.0,720.9868858913954,5,5,2.265778972267295,0.919603935958395
BNA,2026-06-10,35,20.5,581.6608801101647,5,4,3.2211714802862796,0.8945519397402162
BNA,2026-06-10,36,21.0,220.93249364417295,3,2,1.6791406856595636,1.7984739169862756
BNA,2026-06-10,37,21.5,3.1476886486650644,3,1,0.0,0.0
BNA,2026-06-10,38,22.0,0.0,1,1,0.0,0.0
BNA,2026-06-10,39,22.5,0.0,1,1,0.0,0.0
BNA,2026-06-10,40,23.0,0.0,1,1,0.0,0.0
BNA,2026-06-10,41,23.5,0.0,1,1,0.0,0.0
BNA,2026-06-10,42,0.0,0.0,1,1,0.0,0.0
BNA,2026-06-10,43,0.5,0.0,1,1,0.0,0.0
BNA,2026-06-10,44,1.0,0.0,1,1,0.0,0.0
BNA,2026-06-10,45,1.5,3.6245316768157876,1,1,0.0,0.0
BNA,2026-06-11,0,3.0,847.7075574190761,9,6,1.520079021470315,0.12093879685252554
BNA,2026-06-11,1,3.5,1404.6363368300656,9,9,4.855234602658433,1.9329248433583004
BNA,2026-06-11,2,4.0,1920.7833238398239,14,13,1.039562069772444,0.848831971676313
BNA,2026-06-11,3,4.5,2204.2854714669206,14,14,4.714897869291317,1.3813845101894224
BNA,2026-06-11,4,5.0,2488.73134469238,18,16,2.378170535381557,0.6220345690022893
BNA,2026-06-11,5,5.5,2782.126046462618,18,18,1.7408889042107232,1.0072184076731467
BNA,2026-06-11,6,6.0,2865.047662285661,18,18,9.88140957389193,1.6259451890855672
BNA,2026-06-11,7,6.5,2597.8336977288,18,17,1.4110472661097153,1.3950746184033789
BNA,2026-06-11,8,7.0,2268.994823999421,15,15,1.299988601117354,1.3971698960735481
BNA,2026-06-11,9,7.5,1924.6312309856855,15,13,1.0677528871078004,0.7094755852604507
BNA,2026-06-11,10,8.0,2074.094998045839,16,14,1.0332194048143637,0.23111536067192526
BNA,2026-06-11,11,8.5,2449.1900276032416,16,16,1.5255764514838515,0.9500264000309112
BNA,2026-06-11,12,9.0,2462.9027673002483,16,16,1.7456049123389221,1.388800019449748
BNA,2026-06-11,13,9.5,2071.125535177066,16,13,16.03543218230751,0.8462825544699631
BNA,2026-06-11,14,10.0,1872.826202552457,18,12,3.6282378682175023,0.009796695079439225
BNA,2026-06-11,15,10.5,1810.2575759630124,18,12,1.567079370315243,0.014293132802424086
BNA,2026-06-11,16,11.0,1890.7015393881934,13,12,5.707921390959836,0.7479954683235694
BNA,2026-06-11,17,11.5,2068.1724172590875,13,13,12.67955324737116,1.6497742284612922
BNA,2026-06-11,18,12.0,2128.47511147095,14,14,1.5599101569739648,1.9541141550358947
BNA,2026-06-11,19,12.5,2012.562802316696,14,13,2.5293166786567416,1.2568241053106783
BNA,2026-06-11,20,13.0,1776.476901490505,12,12,1.1829808772271384,1.751068312621317
BNA,2026-06-11,21,13.5,1524.3386441494986,12,10,2.3786602917519164,1.4375878241717817
BNA,2026-06-11,22,14.0,1366.1766971774298,10,9,2.356137923753308,1.0330365071429735
BNA,2026-06-11,23,14.5,1378.322593263834,10,9,2.819643238018504,0.9120490448138299
BNA,2026-06-11,24,15.0,1485.5338127462726,10,10,1.5785333616152797,1.2206820228364668
BNA,2026-06-11,25,15.5,1566.9429671151165,10,10,5.248053348570299,2.16047902733565
BNA,2026-06-11,26,16.0,1610.9220491443616,13,11,1.162665071884467,0.8128431404937888
BNA,2026-06-11,27,16.5,1638.1058729499089,13,11,1.4356844105898037,0.34829384463137153
BNA,2026-06-11,28,17.0,1646.7067237171618,11,11,1.5478270755959675,1.0687239231394419
BNA,2026-06-11,29,17.5,1660.6475603616307,11,11,1.768766140676507,1.348697290782264
BNA,2026-06-11,30,18.0,1522.1226853321286,15,10,2.3125810847215447,0.12027227016222322
BNA,2026-06-11,31,18.5,1290.6629838388164,15,9,1.1280899193821978,0.0018668381949919412
BNA,2026-06-11,32,19.0,1059.152821825457,15,7,3.0043763694924004,0.0
BNA,2026-06-11,33,19.5,791.9265574253144,15,6,0.9583462178887459,0.0
BNA,2026-06-11,34,20.0,566.718055376206,5,4,2.5745766376845176,1.1141082399891136
BNA,2026-06-11,35,20.5,617.9112910068284,5,4,8.14810736555989,0.8287220111865701
BNA,2026-06-11,36,21.0,644.902775948938,5,5,1.0887238525924205,0.9793292561479028
BNA,2026-06-11,37,21.5,515.5792219768091,5,4,1.4854706632993047,0.7106664090096293
BNA,2026-06-11,38,22.0,200.3543295910264,2,2,1.3134196639177358,2.1899645361702675
BNA,2026-06-11,39,22.5,4.504094609256058,2,1,0.0,0.013710727085997399
BNA,2026-06-11,40,23.0,0.0,1,1,0.0,0.0
BNA,2026-06-11,41,23.5,0.0,1,1,0.0,0.0
BNA,2026-06-11,42,0.0,0.0,1,1,0.0,0.0
BNA,2026-06-11,43,0.5,0.0,1,1,0.0,0.0
BNA,2026-06-11,44,1.0,0.0,1,1,0.0,0.0
BNA,2026-06-11,45,1.5,3.6245316768157876,1,1,0.0,0.13305647605935172
BNA,2026-06-12,0,3.0,821.2490764427157,9,6,1.201397334496652,0.14586645705969442
BNA,2026-06-12,1,3.5,1331.4815368804852,9,9,1.5884539057187965,1.3911690930474077
BNA,2026-06-12,2,4.0,1796.8596042343308,13,12,1.3906460041533497,0.663937958622571
BNA,2026-06-12,3,4.5,2015.7643241555033,13,13,2.6542158419714226,1.455737030519421
BNA,2026-06-12,4,5.0,2263.005637287185,17,15,1.2407615070185485,0.611625976129131
BNA,2026-06-12,5,5.5,2575.3479172482694,17,17,1.1867123499908108,1.2843902077562377
BNA,2026-06-12,6,6.0,2648.355553105113,17,17,2.3959093475765987,1.5611435557513769
BNA,2026-06-12,7,6.5,2476.934247974839,17,16,2.0424813280350333,1.2594766893661817
BNA,2026-06-12,8,7.0,2247.061861209045,15,15,1.1047717785788553,0.8732734647966023
BNA,2026-06-12,9,7.5,1929.3874460901031,15,13,1.1044903936346995,0.3681813298849937
BNA,2026-06-12,10,8.0,2074.7596167651095,16,14,1.0376569263051132,0.3754586994833738
BNA,2026-06-12,11,8.5,2432.6344305060716,16,16,1.320869122092426,1.1481931733044979
BNA,2026-06-12,12,9.0,2427.29589561939,16,16,1.2653408028888478,1.640013520203911
BNA,2026-06-12,13,9.5,2043.213534363438,16,13,4.558406685175671,1.0524003010361467
BNA,2026-06-12,14,10.0,1875.0607517588323,17,12,3.802108707476356,0.05409860336758807
BNA,2026-06-12,15,10.5,1856.7110945695913,17,12,2.7243819680951407,0.05031167912891075
BNA,2026-06-12,16,11.0,1960.9006296136529,14,13,1.4181841580968781,0.9138226631849111
BNA,2026-06-12,17,11.5,2201.9637596361804,14,14,4.444516079328423,1.7353256401128765
BNA,2026-06-12,18,12.0,2281.8091389795727,15,15,1.4459342132903692,1.6699504661304658
BNA,2026-06-12,19,12.5,2116.711905342585,15,14,1.4085628272438897,1.2316343353412145
BNA,2026-06-12,20,13.0,1840.4505694163015,12,12,2.1715795476130504,2.342350765264179
BNA,2026-06-12,21,13.5,1570.0750819558132,12,10,5.76018601715814,1.8554002159933929
BNA,2026-06-12,22,14.0,1393.942320112551,11,9,3.7585767984930993,0.5518757489017218
BNA,2026-06-12,23,14.5,1375.4708919847126,11,9,2.6957148810543483,0.39758082151030355
BNA,2026-06-12,24,15.0,1490.1762457958228,11,10,1.6457640193943668,0.49467220662321304
BNA,2026-06-12,25,15.5,1600.76915025201,11,11,1.0834064064613185,1.0280683152700008
BNA,2026-06-12,26,16.0,1681.6283454838076,12,11,2.2419653821326877,1.4538267513579375
BNA,2026-06-12,27,16.5,1723.6212668079702,12,11,4.713745333590047,0.8501026179719912
BNA,2026-06-12,28,17.0,1721.8840006272735,11,11,4.509593593219305,1.3901122025595591
BNA,2026-06-12,29,17.5,1707.0481804385504,11,11,3.290213368923548,1.6160841993538337
BNA,2026-06-12,30,18.0,1531.378573143317,15,10,2.615614475516333,0.3506907339597637
BNA,2026-06-12,31,18.5,1268.9501873375875,15,8,14.47464107617316,0.022097318984864313
BNA,2026-06-12,32,19.0,1035.1778597687635,12,7,2.1717624885649136,0.010828047273774923
BNA,2026-06-12,33,19.5,806.8149122085233,12,6,1.0711144283122602,0.0
BNA,2026-06-12,34,20.0,608.580092818366,5,4,5.834644339674717,1.328478870513743
BNA,2026-06-12,35,20.5,645.4570798581632,5,5,1.093381918245735,1.2212169024319137
BNA,2026-06-12,36,21.0,649.799695637506,5,5,1.130930840437196,1.2248516086360586
BNA,2026-06-12,37,21.5,515.5792219768091,5,4,1.4854706632993047,0.9724335145686915
BNA,2026-06-12,38,22.0,200.3543295910264,2,2,1.3134196639177358,2.7456325887840927
BNA,2026-06-12,39,22.5,4.504094609256058,2,1,0.0,0.0004451789699987784
BNA,2026-06-12,40,23.0,0.0,1,1,0.0,0.0
BNA,2026-06-12,41,23.5,0.0,1,1,0.0,0.0
BNA,2026-06-12,42,0.0,0.0,1,1,0.0,0.0
BNA,2026-06-12,43,0.5,0.0,1,1,0.0,0.0
BNA,2026-06-12,44,1.0,0.0,1,1,0.0,0.0
BNA,2026-06-12,45,1.5,2.9720606181006817,1,1,0.0,0.17388381602159256
BNA,2026-06-13,0,3.0,657.0070488674,8,5,1.1977298200361723,0.06910787175398207
BNA,2026-06-13,1,3.5,1142.7048275697773,8,8,1.2717768233098432,1.4462391297173167
BNA,2026-06-13,2,4.0,1659.5480548019484,13,11,1.7492132579560575,0.7724145942198671
BNA,2026-06-13,3,4.5,2017.2431813306807,13,13,2.7160295600104245,1.2322448583274945
BNA,2026-06-13,4,5.0,2380.5200911300176,17,15,8.101433249180227,0.6719587370737893
BNA,2026-06-13,5,5.5,2688.3385701456637,17,17,5.1818908636843375,1.6358096222131873
BNA,2026-06-13,6,6.0,2674.001721377777,17,17,3.662352831672671,2.783774482493938
BNA,2026-06-13,7,6.5,2407.8382803990667,17,16,1.0946872691240903,2.175075939963132
BNA,2026-06-13,8,7.0,2126.299016374098,14,14,1.529657069650619,2.15813050023754
BNA,2026-06-13,9,7.5,1835.462691448789,14,12,2.0431602543505347,1.2677277867821084
BNA,2026-06-13,10,8.0,2011.1789631191582,14,13,2.4787847530196987,0.7052601735029937
BNA,2026-06-13,11,8.5,2087.1858573987884,14,14,1.1273197360829608,1.1514284992683588
BNA,2026-06-13,12,9.0,1881.3385841853697,14,12,4.392032417944869,0.6918490059111627
BNA,2026-06-13,13,9.5,1453.419050644099,14,10,1.2244642423078125,0.08946475503218718
BNA,2026-06-13,14,10.0,1430.3842992192447,15,9,16.030199749163337,0.015131478425583943
BNA,2026-06-13,15,10.5,1442.5068238563235,15,10,1.135160038358844,0.01128534514484611
BNA,2026-06-13,16,11.0,1450.9391371961726,10,10,1.2031027243264212,0.9309994038150453
BNA,2026-06-13,17,11.5,1372.2253947885342,10,9,2.566931924795194,0.799306578469235
BNA,2026-06-13,18,12.0,1242.9459778028272,8,8,4.715729278490604,1.9670618798728747
BNA,2026-06-13,19,12.5,1198.2055743389947,8,8,2.17208097790115,2.3787809434062273
BNA,2026-06-13,20,13.0,1224.6106185926883,8,8,3.1945520360320105,3.022124997047419
BNA,2026-06-13,21,13.5,1161.4317224027477,8,8,1.4857990767370501,2.199759694155496
BNA,2026-06-13,22,14.0,1080.8053175155758,7,7,4.5798900340830615,3.0969828340512535
BNA,2026-06-13,23,14.5,1077.604700569887,7,7,4.250008634533791,3.1982015430198234
BNA,2026-06-13,24,15.0,1287.6643114838926,10,9,1.1035320518869978,1.8459892000057583
BNA,2026-06-13,25,15.5,1580.13581727245,10,10,8.403358362390085,2.036952471357167
BNA,2026-06-13,26,16.0,1740.1284121054252,11,11,8.267863838343004,2.961845689273673
BNA,2026-06-13,27,16.5,1690.0716156464682,11,11,2.508825962160532,2.980715513823478
BNA,2026-06-13,28,17.0,1565.0778141253538,10,10,4.98442085121733,3.5564378683901134
BNA,2026-06-13,29,17.5,1398.8963007395505,10,9,4.198653925249381,2.757168657195472
BNA,2026-06-13,30,18.0,1221.252321499025,13,8,3.015548766617089,0.13338689183745137
BNA,2026-06-13,31,18.5,1009.6058085011475,13,7,1.6674388704517689,0.0
BNA,2026-06-13,32,19.0,875.3901336474264,10,6,2.0524539840535376,0.004373274946158273
BNA,2026-06-13,33,19.5,861.7962610259358,10,6,1.755237941666139,0.03868814229370966
BNA,2026-06-13,34,20.0,865.0865903931899,6,6,1.8196976507424678,1.7902045293929483
BNA,2026-06-13,35,20.5,746.5545534999515,6,5,3.353994793714847,1.6969331709996425
BNA,2026-06-13,36,21.0,378.04961478973,3,3,1.6119827181809014,3.3206303278859615
BNA,2026-06-13,37,21.5,23.100113627672446,3,1,0.5572183620353042,0.376515403991334
BNA,2026-06-13,38,22.0,0.0,1,1,0.0,0.0
BNA,2026-06-13,39,22.5,0.0,1,1,0.0,0.0
BNA,2026-06-13,40,23.0,0.0,1,1,0.0,0.0
BNA,2026-06-13,41,23.5,0.0,1,1,0.0,0.0
BNA,2026-06-13,42,0.0,0.0,1,1,0.0,0.0
BNA,2026-06-13,43,0.5,0.0,1,1,0.0,0.0
BNA,2026-06-13,44,1.0,0.0,1,1,0.0,0.0
BNA,2026-06-13,45,1.5,4.869794993473644,1,1,0.0,0.03950597430937476
BNA,2026-06-21,0,3.0,831.2107730561185,9,6,1.306976743600618,0.15521922712063904
BNA,2026-06-21,1,3.5,1391.8249840886629,9,9,3.597057112853182,1.367868003890271
BNA,2026-06-21,2,4.0,1904.226113760025,14,12,10.03125864880437,0.7041776962472729
BNA,2026-06-21,3,4.5,2214.979636969551,14,14,6.5476690600513745,1.3518404910529216
BNA,2026-06-21,4,5.0,2560.021904678923,18,17,1.06845272460677,1.0834646203649363
BNA,2026-06-21,5,5.5,2869.344441712689,18,18,12.951762473141327,1.2836329179379677
BNA,2026-06-21,6,6.0,2945.3134117662744,19,19,1.7817952550602716,1.50546140146217
BNA,2026-06-21,7,6.5,2731.5576450658286,19,18,1.1371785056491428,0.9427546007896364
BNA,2026-06-21,8,7.0,2369.982701257355,15,15,5.482254819825604,2.0135592762812933
BNA,2026-06-21,9,7.5,2017.2320830656995,15,13,2.715555279978573,1.135313606358748
BNA,2026-06-21,10,8.0,2081.7072998457515,15,14,1.0861480707851252,0.9697090568818559
BNA,2026-06-21,11,8.5,2301.0554576389577,15,15,1.7327775784178938,1.6822682171358607
BNA,2026-06-21,12,9.0,2266.1519660992117,15,15,1.2712436568376448,1.5104101785687594
BNA,2026-06-21,13,9.5,1962.575991244145,15,13,1.4393625616568788,0.45758445555591587
BNA,2026-06-21,14,10.0,1901.7195505390666,16,12,8.798097796477865,0.057292606910235654
BNA,2026-06-21,15,10.5,1865.2438170994078,16,12,3.139582973530164,0.18044224868422637
BNA,2026-06-21,16,11.0,1930.3235049783457,13,13,1.1119824197805184,0.9495602702029486
BNA,2026-06-21,17,11.5,2049.23042852404,13,13,5.396275693071228,1.6178293817446883
BNA,2026-06-21,18,12.0,2063.0482289619085,13,13,9.297242695700575,2.441199978616131
BNA,2026-06-21,19,12.5,1960.9009298643807,13,13,1.418187902323024,2.522472457401395
BNA,2026-06-21,20,13.0,1758.0227334881238,12,12,1.038101417676115,1.088059760992166
BNA,2026-06-21,21,13.5,1674.0707975175324,12,11,2.0459783917772922,0.9110088966112139
BNA,2026-06-21,22,14.0,1557.9965569406336,10,10,4.186993194999742,1.1725873238211233
BNA,2026-06-21,23,14.5,1576.6443351390885,10,10,7.247023676910655,1.5352309800126747
BNA,2026-06-21,24,15.0,1678.4403752707933,11,11,2.1550407452904485,1.5976662398869803
BNA,2026-06-21,25,15.5,1685.7564810390345,11,11,2.3651564192776746,1.918696710010344
BNA,2026-06-21,26,16.0,1688.8385807684992,14,11,2.466065795743777,0.32240361633570436
BNA,2026-06-21,27,16.5,1744.8452484920326,14,11,10.540003348887861,0.32378585616095046
BNA,2026-06-21,28,17.0,1781.0875857296423,12,12,1.224864819500661,1.3536012644781077
BNA,2026-06-21,29,17.5,1715.5246963819088,12,11,3.8920551665470384,0.9120739946775698
BNA,2026-06-21,30,18.0,1496.3198082647841,16,10,1.7434861556721755,0.002897704173374216
BNA,2026-06-21,31,18.5,1251.1186597328501,16,8,5.98175163931773,0.0
BNA,2026-06-21,32,19.0,1104.3153910695812,14,7,10.782112276055681,0.0
BNA,2026-06-21,33,19.5,938.1321748021817,14,6,7.839981111613788,0.0
BNA,2026-06-21,34,20.0,802.3225938854362,6,6,1.0350515358299492,1.1193881558295207
BNA,2026-06-21,35,20.5,716.2903836493181,6,5,2.1356355963447986,0.645371676299056
BNA,2026-06-21,36,21.0,667.7506393304087,5,5,1.3094107270322255,1.226819560135233
BNA,2026-06-21,37,21.5,555.2960080337848,5,4,2.2266649745288367,0.8677703433069937
BNA,2026-06-21,38,22.0,230.5263518619752,2,2,1.8978220246145905,5.311312774558216
BNA,2026-06-21,39,22.5,8.490477390410838,2,1,0.023096942855697064,0.4900324901180227
BNA,2026-06-21,40,23.0,0.0,1,1,0.0,0.0
BNA,2026-06-21,41,23.5,0.0,1,1,0.0,0.0
BNA,2026-06-21,42,0.0,0.0,1,1,0.0,0.0
BNA,2026-06-21,43,0.5,0.0,1,1,0.0,0.0
BNA,2026-06-21,44,1.0,0.0,1,1,0.0,0.0
BNA,2026-06-21,45,1.5,3.6245316768157876,1,1,0.0,0.014612102483798703
BNA,2026-06-27,0,3.0,679.786023766927,8,5,1.4559689842969121,0.1827389315659711
BNA,2026-06-27,1,3.5,1202.9966166868733,8,8,2.3073278210060666,1.4661214776330624
BNA,2026-06-27,2,4.0,1751.2110094013742,14,11,16.76524674670478,0.7910452742139068
BNA,2026-06-27,3,4.5,2117.7396468674488,14,14,1.4206749812296076,0.8802381278389095
BNA,2026-06-27,4,5.0,2475.4374518106097,18,16,2.006317433995604,0.5764078078063459
BNA,2026-06-27,5,5.5,2760.9667621763647,18,18,1.4285234544904963,0.9041706157707511
BNA,2026-06-27,6,6.0,2718.832868435734,18,18,1.0427944746993227,1.0585495636830138
BNA,2026-06-27,7,6.5,2397.560257234223,18,16,1.020383306749027,0.48000474544730104
BNA,2026-06-27,8,7.0,2061.400810756258,13,13,8.561777351006423,1.8393208245379935
BNA,2026-06-27,9,7.5,1753.4702543079368,13,12,1.007046479801341,0.7924314896283068
BNA,2026-06-27,10,8.0,1989.2768772361278,14,13,1.8776673339835435,1.2003567075040176
BNA,2026-06-27,11,8.5,2091.610414328037,14,14,1.1626692975465849,1.3538266319839427
BNA,2026-06-27,12,9.0,1794.0325957089244,12,12,1.358018565800359,1.6706418099253297
BNA,2026-06-27,13,9.5,1280.8027429252018,12,9,1.0506081983790128,0.6227439279578834
BNA,2026-06-27,14,10.0,1217.000862341855,12,8,2.815369041662353,0.05615652122561754
BNA,2026-06-27,15,10.5,1230.9159704333208,12,8,3.5941205243536336,0.10298804483395244
BNA,2026-06-27,16,11.0,1250.0497319052015,9,8,5.778850622718069,0.9539692440260386
BNA,2026-06-27,17,11.5,1210.5873748660313,9,8,2.558216824925041,1.0614087106355157
BNA,2026-06-27,18,12.0,1135.2323900668605,8,8,1.2009357583365503,1.3013315914323442
BNA,2026-06-27,19,12.5,1128.624576855944,8,8,1.1437315918166324,1.5815556290192974
BNA,2026-06-27,20,13.0,1170.7548092935867,8,8,1.6180068123511933,1.439174862146255
BNA,2026-06-27,21,13.5,1153.6723458847978,8,8,1.3898827071892406,0.9677618275722988
BNA,2026-06-27,22,14.0,1121.6500661578764,8,8,1.0881655987230894,1.401553932467367
BNA,2026-06-27,23,14.5,1127.4469351112182,8,8,1.1340199229853734,1.287883762025722
BNA,2026-06-27,24,15.0,1331.6555296695187,11,9,1.5911196637546958,0.44758134495706753
BNA,2026-06-27,25,15.5,1600.2231458153024,11,11,1.0794123298730984,0.7642149112855482
BNA,2026-06-27,26,16.0,1714.4681184872068,11,11,3.805395051132185,1.5198410200851349
BNA,2026-06-27,27,16.5,1638.196450117883,11,11,1.4367867135969365,2.1991768000124727
BNA,2026-06-27,28,17.0,1506.132689372254,10,10,1.924690155486752,1.8723884565269675
BNA,2026-06-27,29,17.5,1360.3310543139191,10,9,2.181832540351629,0.9636626688406158
BNA,2026-06-27,30,18.0,1222.1053802748497,15,8,3.0591222850147597,0.0
BNA,2026-06-27,31,18.5,1025.4574732623744,15,7,1.9497406628995793,0.0
BNA,2026-06-27,32,19.0,877.9640983483476,12,6,2.119333452078556,0.0
BNA,2026-06-27,33,19.5,861.7962610259358,12,6,1.755237941666139,0.0
BNA,2026-06-27,34,20.0,865.0865903931899,6,6,1.8196976507424678,1.1423012953606666
BNA,2026-06-27,35,20.5,746.5545534999515,6,5,3.353994793714847,1.3441820415251502
BNA,2026-06-27,36,21.0,378.04961478973,5,3,1.6119827181809014,0.7536950703328895
BNA,2026-06-27,37,21.5,23.100113627672446,5,1,0.5572183620353042,0.0
BNA,2026-06-27,38,22.0,0.0,1,1,0.0,0.0
BNA,2026-06-27,39,22.5,0.0,1,1,0.0,0.0
BNA,2026-06-27,40,23.0,0.0,1,1,0.0,0.0
BNA,2026-06-27,41,23.5,0.0,1,1,0.0,0.0
BNA,2026-06-27,42,0.0,0.0,1,1,0.0,0.0
BNA,2026-06-27,43,0.5,0.0,1,1,0.0,0.0
BNA,2026-06-27,44,1.0,0.0,1,1,0.0,0.0
BNA,2026-06-27,45,1.5,4.869794993473644,1,1,0.0,0.1753663271216817
